cislo;datum;id_zakaznika;id_produktu;pocet
1001;2026-09-01;01;1;1
1002;2026-09-01;02;2;1
1003;2026-09-01;01;3;2
1004;2026-09-02;03;4;1
1005;2026-09-02;04;1;1
1006;2026-09-02;01;5;3
1007;2026-09-03;02;2;1
1007;2026-09-03;02;3;1
1008;2026-09-03;05;6;1
1009;2026-09-03;03;5;1
1010;2026-09-04;04;7;1
1011;2026-09-04;01;4;1
1012;2026-09-05;05;1;2
1013;2026-09-05;06;2;1
1014;2026-09-05;02;7;1
1015;2026-09-08;03;6;1
1016;2026-09-08;04;3;1
1017;2026-09-09;01;7;1
1018;2026-09-09;06;5;2
1019;2026-09-10;05;4;1
1020;2026-09-10;02;1;1
1021;2026-09-11;03;2;1
1022;2026-09-11;06;6;1
1022;2026-09-11;06;5;1
1023;2026-09-12;04;4;1
1024;2026-09-12;01;1;1
1025;2026-09-15;05;7;1
